{
  "project_info": {
    "project_number": "728837372331",
    "firebase_url": "https://bbbbb-aad8d.firebaseio.com",
    "project_id": "bbbbb-aad8d",
    "storage_bucket": "bbbbb-aad8d.appspot.com"
  },
  "client": [
    {
      "client_info": {
        "mobilesdk_app_id": "1:728837372331:android:57af9effd5943b77b67aee",
        "android_client_info": {
          "package_name": "com.sadadib.billtracker"
        }
      },
      "oauth_client": [
        {
          "client_id": "728837372331-dfnk8m6r7asq2hi4fu8o234b4n74vddv.apps.googleusercontent.com",
          "client_type": 3
        }
      ],
      "api_key": [
        {
          "current_key": "AIzaSyBelP3To5k-YOBaxjfXpQTUt0bdMLrMhxg"
        }
      ],
      "services": {
        "appinvite_service": {
          "other_platform_oauth_client": [
            {
              "client_id": "728837372331-dfnk8m6r7asq2hi4fu8o234b4n74vddv.apps.googleusercontent.com",
              "client_type": 3
            }
          ]
        }
      }
    }
  ],
  "configuration_version": "1"
}